モニタ,健康食品購入有無,菓子,清涼飲料,パン・シリアル類,農産,水物,麺類,デザート・ヨーグルト,乳飲料,調味料,冷凍食品,惣菜類,アルコール飲料,調理品,果実飲料
13,1,0.191605839,0.082116788,0.031021898,0,0.065693431,0.093065693,0.023722628,0.025547445,0.040145985,0.080291971,0.009124088,0.047445255,0.056569343,0.016423358
14,1,0.202192448,0.141291108,0.168696711,0.069427527,0.031668697,0.010962241,0.097442144,0.037758831,0.024969549,0.004872107,0.011571255,0.000609013,0.015225335,0.078562728
15,0,0.205387205,0.148148148,0.181818182,0.03030303,0.013468013,0.01010101,0.050505051,0.006734007,0.016835017,0.178451178,0.016835017,0,0.016835017,0.04040404
16,1,0.162081041,0.069034517,0.059529765,0.137068534,0.075037519,0.045022511,0.032016008,0.042021011,0.037518759,0.044022011,0.022511256,0.065532766,0.007503752,0.007503752
18,0,0,0.25,0,0,0.75,0,0,0,0,0,0,0,0,0
20,1,0.243871513,0.099746407,0.100591716,0.034234996,0.033812342,0.069737954,0.033389687,0.019019442,0.03465765,0.026204565,0.023668639,0.004649197,0.023245985,0.028317836
21,0,0.05,0.4,0,0,0,0,0.05,0,0.05,0,0.05,0,0.15,0.05
22,1,0.194008559,0.118402282,0.10128388,0.07489301,0.04636234,0.061340942,0.002853067,0.004992867,0.037803138,0.044935806,0.054921541,0.02425107,0.027104137,0.0021398
23,0,0.25,0.166666667,0.083333333,0,0,0,0.166666667,0,0,0,0,0,0.083333333,0.166666667
24,1,0.105116279,0.049302326,0.04372093,0.095813953,0.064186047,0.04744186,0.066976744,0.082790698,0.030697674,0.051162791,0.029767442,0.079069767,0.017674419,0.011162791
25,0,0.146516393,0.011270492,0.073770492,0.115778689,0.049180328,0.049180328,0.040983607,0.056352459,0.039959016,0.023565574,0.026639344,0.011270492,0.031762295,0.011270492
26,0,0.044880785,0.678821879,0.028050491,0.023842917,0.008415147,0.078541374,0.002805049,0.007012623,0.022440393,0,0.06171108,0,0,0.009817672
28,1,0.149496263,0.013649659,0.057848554,0.145271368,0.079948001,0.042248944,0.010724732,0.063373416,0.033149171,0.081247969,0.025674358,0.001949951,0.055248619,0.021774456
29,0,0.034578696,0.000794913,0.143481717,0.06200318,0.140699523,0.083863275,0.213036566,0.023052464,0.011128776,0.005961844,0.094197138,0,0.055643879,0
31,1,0.173258004,0.101694915,0.047080979,0.028248588,0.026365348,0.220338983,0.013182674,0.054613936,0.026365348,0.005649718,0.020715631,0.001883239,0.094161959,0.037664783
32,1,0.063752277,0.047358834,0.14571949,0.088342441,0.079234973,0.029143898,0.055555556,0.0428051,0.058287796,0.016393443,0.051912568,0.078324226,0.030054645,0.0428051
33,1,0.197598253,0.019650655,0.058951965,0.027292576,0.029475983,0.033842795,0.012008734,0.084061135,0.02510917,0.030567686,0.057860262,0,0.156113537,0
34,1,0.141783029,0.026852846,0.076262084,0.051557465,0.13104189,0.068743287,0.017185822,0.016111708,0.052631579,0.022556391,0.045112782,0.018259936,0.070891515,0.050483351
35,0,0.060869565,0.045962733,0.058385093,0.127950311,0.108074534,0.026086957,0.036024845,0.047204969,0.064596273,0.027329193,0.017391304,0.057142857,0.02484472,0.036024845
37,0,0.120674357,0.090505768,0.120674357,0,0.035492458,0.05501331,0.028393966,0.023957409,0.046140195,0.148181012,0.032830524,0.003549246,0.036379769,0.019520852
38,0,0.077274616,0.050685501,0.248026589,0.096800997,0.022434566,0.050685501,0.032820939,0.05151641,0.049023681,0.021188201,0.065641878,0.022019111,0.046530951,0.011632738
41,1,0.245338567,0.012757605,0.032384691,0.091265947,0.058881256,0.044160942,0.005888126,0.001962709,0.089303238,0.085377821,0.037291462,0.018645731,0.035328754,0.02747792
42,0,0.155660377,0.080188679,0.146226415,0.056603774,0.04245283,0.014150943,0.099056604,0.014150943,0.033018868,0.014150943,0.075471698,0.023584906,0.023584906,0.014150943
43,1,0.179334917,0.137767221,0.042755344,0.007125891,0.067695962,0.023752969,0.073634204,0.03087886,0.027315914,0.034441805,0.041567696,0.005938242,0.011876485,0.021377672
45,1,0.075986566,0.072628044,0.080184719,0.167506297,0.097397145,0.06759026,0.020570949,0.030646516,0.061293031,0.039882452,0.018471872,0.004617968,0.012594458,0.017212427
46,0,0.081702392,0.109972041,0.052190121,0.177073625,0.062441752,0.046287667,0.013668841,0.058713886,0.032929481,0.027958993,0.016154085,0.000931966,0.034482759,0.068344206
47,0,0.114285714,0.2,0.142857143,0.028571429,0.028571429,0,0,0,0.142857143,0,0.028571429,0,0,0.028571429
48,1,0.102413184,0.018834609,0.060623896,0.257210124,0.057680989,0.048263685,0.032371984,0.024131842,0.052383755,0.038257799,0.018834609,0.033549147,0.045320777,0.002942908
49,1,0.172355904,0.063234471,0.162842753,0.086737549,0.066592054,0.087297146,0.053161724,0.04029099,0.041969782,0.015109121,0.03469502,0.005036374,0.027420257,0.003357583
50,1,0.087378641,0.019417476,0.006934813,0.156726768,0.079056865,0.045769764,0.095700416,0.042995839,0.05963939,0.044382802,0.026352288,0.063800277,0.008321775,0
51,1,0.092242595,0.031875882,0.095345557,0.167842031,0.088575458,0.043441467,0.038363893,0.019181946,0.076727786,0.017771509,0.029055007,0.004231312,0.022002821,0.001410437
52,1,0.235515425,0.076749436,0.032355154,0.101580135,0.088036117,0.073739654,0.010534236,0.05116629,0.042889391,0.000752445,0.017306245,0.017306245,0.021068473,0.018058691
53,1,0.142653352,0.161911555,0.327389444,0.008559201,0.002853067,0.004992867,0.037803138,0.021398003,0.006419401,0.047788873,0.014978602,0.003566334,0.006419401,0.062767475
54,0,0.108240535,0.024498886,0.034743875,0.105567929,0.083741648,0.062806236,0.020044543,0.00311804,0.074832962,0.015144766,0.084632517,0.020044543,0.040534521,0.003563474
56,1,0.075322514,0.106949646,0.126092385,0.077403246,0.055763629,0.036204744,0.124843945,0.065334998,0.039533916,0.054099043,0.045776113,0,0.025384935,0.014565127
57,1,0.090114943,0.044597701,0.044137931,0.143448276,0.04183908,0.03908046,0.114482759,0.074022989,0.043678161,0.056091954,0.057011494,0.005977011,0.018390805,0.019310345
59,0,0.163473819,0.167305236,0.088548318,0.006385696,0.030651341,0.009365688,0.134951043,0.000425713,0.001277139,0.000425713,0.033205619,0.153682418,0.003831418,0.057045551
60,0,0,0,0.2,0,0,0.2,0,0.2,0,0.2,0.2,0,0,0
62,1,0.092278719,0.096045198,0.11393597,0.061205273,0.049905838,0.127118644,0.001883239,0.015065913,0.04519774,0.017890772,0.014124294,0.040489642,0.002824859,0.122410546
63,0,0.092017738,0.074279379,0.050997783,0.035476718,0.043237251,0.05210643,0.018847007,0.067627494,0.053215078,0.027716186,0.042128603,0.042128603,0.055432373,0.027716186
64,0,0.01,0.08,0.01,0.255,0.095,0.04,0.005,0.03,0.11,0.025,0.015,0.01,0.04,0.02
65,0,0.571428571,0.285714286,0.142857143,0,0,0,0,0,0,0,0,0,0,0
66,1,0.33982684,0.056277056,0.164502165,0.019480519,0.021645022,0.023809524,0.004329004,0.097402597,0.015151515,0.069264069,0.015151515,0.019480519,0.021645022,0.019480519
67,0,0.243835616,0.115981735,0.062100457,0.135159817,0.034703196,0.087671233,0.00456621,0.024657534,0.047488584,0.053881279,0.001826484,0.010958904,0.029223744,0.003652968
68,1,0.103615758,0.207231516,0.059363195,0.104155424,0.047490556,0.02698327,0.018348624,0.043173233,0.042093902,0.014031301,0.018888289,0.038855909,0.013491635,0.038316244
69,0,0.090909091,0.090909091,0.090909091,0.272727273,0,0,0,0,0.090909091,0,0.090909091,0,0.090909091,0
70,0,0,1,0,0,0,0,0,0,0,0,0,0,0,0
71,1,0.234211835,0.122824465,0.127299851,0.067130781,0.017901542,0.036300348,0.054699155,0.033814023,0.020885132,0.028344107,0.012431626,0.034311288,0.024365987,0.032322228
72,1,0.156830239,0.045092838,0.087533156,0.154177719,0.051061008,0.017572944,0.045424403,0.019562334,0.057692308,0.050729443,0.027188329,0.030503979,0.041445623,0.012267905
73,1,0.100840336,0.084033613,0.06442577,0.096171802,0.104575163,0.027077498,0.018674136,0.001867414,0.054154995,0.073762838,0.070961718,0.000933707,0.022408964,0.001867414
74,0,0.125,0.5,0.125,0,0,0,0.125,0,0,0,0,0,0,0
75,1,0.117341641,0.088785047,0.075804777,0.191069574,0.015576324,0.036863967,0.070093458,0.041017653,0.059709242,0.014018692,0.023364486,0.04569055,0.021806854,0.025441329
78,0,0.125312032,0.032451323,0.117324014,0.12880679,0.086370444,0.029455816,0.016475287,0.061907139,0.031452821,0.009485771,0.039440839,0.024962556,0.033449825,0.014977534
79,1,0.168094218,0.047109208,0.011777302,0.03640257,0.06745182,0.265524625,0.051391863,0.001070664,0.027837259,0.010706638,0.055674518,0.047109208,0.020342612,0.007494647
80,1,0.092331768,0.135367762,0.028169014,0.057120501,0.038341158,0.093114241,0.061815336,0.021909233,0.022691706,0.00312989,0.015649452,0.129107981,0.007042254,0.004694836
81,0,0.095558546,0.049798116,0.099596231,0.188425303,0.103633917,0.045760431,0.039030956,0.00538358,0.0269179,0.065948856,0.048452221,0.00269179,0.01615074,0.030955585
82,1,0.071368598,0.115869018,0.123425693,0.162048699,0.068010076,0.047019312,0.108312343,0.005877414,0.032745592,0.050377834,0.04534005,0,0.039462636,0.022670025
83,0,0.262672811,0.041474654,0.179723502,0.050691244,0.055299539,0.00921659,0.036866359,0.036866359,0.036866359,0.004608295,0.023041475,0,0.02764977,0.032258065
84,0,0.036734694,0,0.187755102,0.13877551,0.048979592,0.036734694,0,0,0.118367347,0.008163265,0.040816327,0,0.012244898,0
86,1,0.097674419,0.059800664,0.162126246,0.267774086,0.034551495,0.011295681,0.011960133,0.037873754,0.012624585,0.121594684,0.06179402,0.005980066,0.015946844,0.018604651
87,1,0.142857143,0.142857143,0.142857143,0,0.142857143,0,0,0,0,0,0.142857143,0,0,0
88,0,0.11637931,0.060344828,0.262931034,0.058189655,0.021551724,0.058189655,0.073275862,0.028017241,0.025862069,0.015086207,0.00862069,0.05387931,0.047413793,0.017241379
89,0,0.238607595,0.03164557,0.148734177,0.051265823,0.029113924,0.050632911,0.065189873,0.044303797,0.048101266,0.039240506,0.051898734,0.003797468,0.012658228,0.007594937
90,1,0.163371488,0.063995838,0.11082206,0.108740895,0.055671176,0.058792924,0.047866805,0.023413111,0.03433923,0.022372529,0.015608741,0.048387097,0.027055151,0.033298647
91,0,0.104571729,0.067787704,0.122438255,0.077771939,0.064109301,0.084603258,0.015239096,0.057803468,0.063058329,0.004729375,0.039936942,0.037309511,0.044666316,0.033105623
93,1,0.079037801,0.10137457,0.020618557,0.186426117,0.054982818,0.025773196,0.092783505,0.020618557,0.066151203,0.089347079,0.030927835,0.015463918,0.040378007,0.031786942
95,0,0.19324474,0.066998893,0.064784053,0.03765227,0.060354374,0.059800664,0.020487265,0.061461794,0.048726467,0.03654485,0.031007752,0.003875969,0.017165006,0.013289037
96,1,0.200772201,0.306949807,0.042084942,0.022007722,0.00965251,0.020849421,0.115057915,0.013127413,0.02007722,0.008880309,0.011196911,0.006177606,0.005405405,0.034749035
97,1,0.1255449,0.02092415,0.026155187,0.217959895,0.134263296,0.014821273,0.02179599,0.044463819,0.094158675,0.00087184,0.013949433,0.007846556,0.06277245,0.007846556
98,1,0.10784665,0.032604801,0.084557506,0.133643855,0.058760301,0.058760301,0.045145109,0.029021856,0.045503404,0.061268363,0.035112863,0.045503404,0.034396274,0.003224651
99,0,1,0,0,0,0,0,0,0,0,0,0,0,0,0
103,1,0.28185907,0.014992504,0.076461769,0.11994003,0.035982009,0.025487256,0.022488756,0.046476762,0.037481259,0.019490255,0.028485757,0.022488756,0.03898051,0.008995502
105,0,0.087719298,0.033138402,0.056530214,0.204678363,0.079922027,0.007797271,0.056530214,0.035087719,0.048732943,0.046783626,0.097465887,0.013645224,0.037037037,0.001949318
106,0,0.152416357,0.011152416,0.148698885,0.089219331,0.12267658,0.063197026,0.044609665,0.029739777,0.048327138,0,0.074349442,0.003717472,0,0.007434944
107,0,0.097222222,0.0625,0.277777778,0.055555556,0.026041667,0.118055556,0.03125,0.008680556,0.045138889,0.015625,0.015625,0,0.048611111,0.013888889
111,1,0.135514019,0.062305296,0.080996885,0.037383178,0.015576324,0.042056075,0.046728972,0.112149533,0.014018692,0.024922118,0.037383178,0.00623053,0.07788162,0
115,0,0.2,0.01509434,0.275471698,0.030188679,0.047169811,0.011320755,0.013207547,0.043396226,0.003773585,0.079245283,0.041509434,0,0.005660377,0.01509434
116,1,0.124807396,0.077041602,0.05238829,0.018489985,0.049306626,0.078582435,0.06009245,0.055469954,0.077041602,0.05238829,0.030816641,0.020030817,0.044684129,0.009244992
117,0,0.180936995,0.069466882,0.04361874,0.063004847,0.032310178,0.037156704,0.033925687,0.095315024,0.093699515,0.003231018,0.024232633,0.006462036,0.05815832,0.042003231
118,0,0.030181087,0.080482897,0.010060362,0.136820926,0.07444668,0.016096579,0.004024145,0.09054326,0.07444668,0.056338028,0.058350101,0.130784708,0.034205231,0
119,0,0.068481848,0.093234323,0.105610561,0.104785479,0.042079208,0.047854785,0.032178218,0.04950495,0.064356436,0.038778878,0.047029703,0.038778878,0.047029703,0.02970297
122,1,0.110465116,0.01744186,0.029069767,0.104651163,0.186046512,0.052325581,0.040697674,0.069767442,0.034883721,0,0.058139535,0.005813953,0.011627907,0.005813953
126,0,0.063511831,0.01867995,0.073474471,0.144458281,0.109589041,0.03486924,0.04607721,0.100871731,0.03860523,0.02366127,0.03362391,0.00996264,0.00498132,0.04607721
127,1,0.123893805,0.009832842,0.155358899,0.114060964,0.039331367,0.056047198,0.069813176,0.013765978,0.02359882,0.073746313,0.045231072,0.008849558,0.059980334,0.006882989
129,0,0.041666667,0.016129032,0.028225806,0.227150538,0.095430108,0.153225806,0.041666667,0.040322581,0.040322581,0.045698925,0.017473118,0.002688172,0.017473118,0
131,0,0.196629213,0.087078652,0.154494382,0.061797753,0.014044944,0.081460674,0.008426966,0.075842697,0.028089888,0.014044944,0.02247191,0.016853933,0.039325843,0.033707865
132,1,0.063991323,0.136659436,0.045553145,0.073752711,0.013015184,0.148590022,0.060737527,0.060737527,0.071583514,0.023861171,0.014099783,0.003253796,0.122559653,0.02494577
133,0,0.032258065,0.258064516,0.032258065,0,0,0.032258065,0.129032258,0.032258065,0,0,0.064516129,0.064516129,0.064516129,0
140,0,0.172818792,0.080536913,0.088926174,0.052013423,0.067114094,0.033557047,0.063758389,0.018456376,0.018456376,0.015100671,0.08557047,0.104026846,0.033557047,0.008389262
141,0,0.089456869,0.057507987,0.092651757,0.051118211,0.038338658,0.022364217,0.102236422,0.095846645,0.012779553,0.015974441,0.025559105,0,0,0.178913738
143,1,0.060313631,0.091676719,0.056694813,0.075995175,0.032569361,0.123039807,0.008443908,0.085645356,0.063932449,0.121833534,0.015681544,0.080820265,0.033775633,0.036188179
145,0,0.131623932,0.006837607,0.135042735,0.001709402,0.073504274,0.064957265,0.094017094,0.087179487,0.054700855,0.011965812,0.042735043,0.061538462,0.037606838,0.001709402
150,0,0.044072948,0.045592705,0.053191489,0.095744681,0.065349544,0.069908815,0.069908815,0.051671733,0.079027356,0.037993921,0.037993921,0,0.12006079,0.042553191
153,0,0.222222222,0.555555556,0,0,0,0,0,0,0,0,0,0,0,0
154,1,0.316455696,0.101265823,0.17721519,0.012658228,0,0.033755274,0.109704641,0,0,0,0.008438819,0,0,0.097046414
155,0,0.108108108,0.021621622,0.095945946,0.121621622,0.102702703,0.040540541,0.002702703,0.058108108,0.043243243,0.056756757,0.006756757,0.113513514,0.025675676,0.002702703
157,1,0.171270718,0.055248619,0.086556169,0.036832413,0.05893186,0.034990792,0.034990792,0.046040516,0.02946593,0.139963168,0.046040516,0.005524862,0.031307551,0.020257827
159,1,0.12462908,0.210682493,0.175074184,0.029673591,0.029673591,0.002967359,0.014836795,0.077151335,0.011869436,0,0.020771513,0.118694362,0.005934718,0.071216617
160,0,0.292134831,0.101123596,0.011235955,0.078651685,0.112359551,0.056179775,0,0,0.06741573,0.011235955,0.011235955,0.011235955,0.06741573,0.04494382
162,0,0,0.5,0,0,0,0,0,0,0,0,0,0,0,0.5
163,1,0.167635659,0.039728682,0.128875969,0.08624031,0.03875969,0.059108527,0.04748062,0.075581395,0.041666667,0.03875969,0.018410853,0.019379845,0.018410853,0.006782946
164,0,0.127962085,0.123222749,0.090047393,0.146919431,0.056872038,0.075829384,0.056872038,0.004739336,0.023696682,0.023696682,0.042654028,0.014218009,0.028436019,0
165,0,0.258426966,0.056179775,0.08988764,0.02247191,0.011235955,0,0.056179775,0.033707865,0.033707865,0.02247191,0.08988764,0,0.02247191,0.056179775
166,0,0.074829932,0.006802721,0.013605442,0.068027211,0,0,0,0.115646259,0.19047619,0,0,0,0.034013605,0
168,0,0,0.3,0.1,0,0,0,0,0,0.1,0,0,0.4,0,0
170,0,0.055147059,0.066176471,0.055147059,0.253676471,0.088235294,0.0625,0.022058824,0.073529412,0.055147059,0.007352941,0.040441176,0.011029412,0.007352941,0.011029412
171,0,0.176470588,0.026369168,0.137931034,0.089249493,0.087221095,0.040567951,0.227180527,0.050709939,0.004056795,0,0.0831643,0.010141988,0.016227181,0.010141988
172,0,0.0702836,0.187422935,0.104808878,0.014796547,0.004932182,0.018495684,0,0.003699137,0.030826141,0,0.013563502,0.362515413,0.007398274,0
173,1,0.06377858,0.069795427,0.078219013,0.104693141,0.019253911,0.028880866,0.058965102,0.077015644,0.031287605,0.14921781,0.068592058,0.002406739,0.039711191,0.001203369
178,0,0,0,0,0,0,0,0,0,0,0,0.2,0.7,0,0
182,1,0.095930233,0.066860465,0.052325581,0.119186047,0.031976744,0.023255814,0.055232558,0.020348837,0.052325581,0.00872093,0.034883721,0.110465116,0.014534884,0.040697674
183,1,0.05648855,0.041221374,0.221374046,0.163358779,0.048854962,0.029007634,0.024427481,0.079389313,0.036641221,0,0.01221374,0.036641221,0.030534351,0
185,0,0.136150235,0.064162754,0.233176839,0.03599374,0.048513302,0.057902973,0.023474178,0.020344288,0.03286385,0.012519562,0.100156495,0.029733959,0.03599374,0.014084507
186,0,0.300347222,0.161458333,0.123263889,0.022569444,0.008680556,0.015625,0.03125,0.046875,0.003472222,0,0.008680556,0.003472222,0.005208333,0.010416667
190,1,0.04845815,0.020558003,0.185022026,0.022026432,0.054331865,0.07195301,0.007342144,0.002936858,0.007342144,0.118942731,0.116005874,0,0.167400881,0.020558003
193,0,0.461538462,0.153846154,0.153846154,0,0.076923077,0,0,0.076923077,0,0,0,0,0,0
195,0,0.039274924,0.019637462,0.054380665,0.134441088,0.080060423,0.067975831,0.003021148,0.021148036,0.096676737,0.113293051,0.024169184,0.057401813,0.03776435,0.004531722
196,0,0.069482289,0.006811989,0.081743869,0.072207084,0.077656676,0.068119891,0.068119891,0.035422343,0.077656676,0.023160763,0.051771117,0.072207084,0.055858311,0.016348774
197,0,0.067123288,0.238356164,0.15890411,0.001369863,0,0.105479452,0.001369863,0.001369863,0.001369863,0.001369863,0.005479452,0,0.008219178,0.320547945
198,0,0.176470588,0.100840336,0.011764706,0.097478992,0.050420168,0.048739496,0.062184874,0.040336134,0.050420168,0.005042017,0.005042017,0.087394958,0.006722689,0.030252101
199,0,0.090909091,0.071146245,0.079051383,0.063241107,0.059288538,0.110671937,0.166007905,0,0.039525692,0.102766798,0.027667984,0.007905138,0.007905138,0.003952569
202,1,0.340136054,0.180272109,0.003401361,0,0.020408163,0.057823129,0,0.023809524,0.06122449,0,0.003401361,0.163265306,0.037414966,0.030612245
204,1,0.196428571,0.023809524,0.08531746,0.061507937,0.037698413,0.055555556,0.017857143,0.027777778,0.061507937,0.061507937,0.08531746,0.023809524,0.025793651,0.013888889
205,1,0.131795717,0.222405272,0.029654036,0.103789127,0.036243822,0.042833608,0.02306425,0.059308072,0.02800659,0.011532125,0.018121911,0.004942339,0.082372323,0.070840198
206,1,0.314102564,0.057692308,0.044871795,0.006410256,0.108974359,0.032051282,0.044871795,0.096153846,0.012820513,0,0.006410256,0,0.019230769,0.006410256
209,1,0.051282051,0.043184885,0.112010796,0.105263158,0.141700405,0.037786775,0.12145749,0.013495277,0.04048583,0.005398111,0.064777328,0.008097166,0.033738192,0.018893387
210,1,0.122807018,0.160401003,0.122807018,0.060150376,0.047619048,0.047619048,0.012531328,0.022556391,0.030075188,0.002506266,0.037593985,0.09273183,0.065162907,0
211,1,0.073170732,0.019512195,0.056097561,0.058536585,0.026829268,0.041463415,0.007317073,0.03902439,0.063414634,0.029268293,0.014634146,0.090243902,0.046341463,0.063414634
213,1,0.033175355,0.049763033,0.007109005,0.111374408,0.113744076,0.033175355,0.033175355,0.021327014,0.063981043,0.056872038,0.05450237,0.035545024,0.037914692,0.004739336
214,0,0.055276382,0.030150754,0.045226131,0.147403685,0.110552764,0.073701843,0.041876047,0.072026801,0.060301508,0.010050251,0.035175879,0.063651591,0.013400335,0.021775544
215,1,0.105263158,0.227443609,0.062030075,0.067669173,0.026315789,0.043233083,0.020676692,0.018796992,0.030075188,0.009398496,0.095864662,0.003759398,0.033834586,0.056390977
220,0,0.090909091,0.454545455,0,0,0,0,0,0,0,0,0,0.454545455,0,0
223,0,0.394160584,0.02189781,0.02919708,0.01459854,0.03649635,0,0.02189781,0.03649635,0.00729927,0,0.01459854,0.00729927,0.01459854,0.03649635
225,0,0.131343284,0.140298507,0.292537313,0.008955224,0.005970149,0.059701493,0,0.008955224,0.017910448,0,0.059701493,0.005970149,0.03880597,0.002985075
226,1,0.203703704,0,0.12962963,0.092592593,0.018518519,0.055555556,0,0.296296296,0.018518519,0,0,0,0.018518519,0
230,0,0.119601329,0.07641196,0.079734219,0.083056478,0.059800664,0.03654485,0.023255814,0.026578073,0.023255814,0.109634551,0.033222591,0.016611296,0.056478405,0.006644518
232,0,0.115702479,0,0.024793388,0.148760331,0.008264463,0,0.123966942,0.049586777,0.041322314,0.132231405,0.05785124,0,0.008264463,0.033057851
235,1,0.068376068,0.158119658,0.087606838,0.012820513,0,0,0.02991453,0.256410256,0.002136752,0,0.021367521,0.008547009,0.014957265,0.243589744
236,1,0.111827957,0.122580645,0.075268817,0.04516129,0.058064516,0.04516129,0.021505376,0.090322581,0.038709677,0.109677419,0.038709677,0.004301075,0.025806452,0.008602151
238,0,0.092105263,0,0.065789474,0.171052632,0.144736842,0.039473684,0.013157895,0.092105263,0.065789474,0,0,0,0.013157895,0
239,0,0.035897436,0.569230769,0.123076923,0.066666667,0,0,0.030769231,0.076923077,0,0.01025641,0,0.046153846,0,0
241,0,0.292207792,0.006493506,0,0.084415584,0.064935065,0.025974026,0.012987013,0.058441558,0.019480519,0,0,0.019480519,0.038961039,0.045454545
243,0,0.06462585,0.040816327,0.095238095,0.079931973,0.146258503,0.083333333,0,0.151360544,0.078231293,0,0.010204082,0.003401361,0.006802721,0.083333333
245,0,0.108374384,0.315270936,0.142857143,0.009852217,0,0.073891626,0.02955665,0.083743842,0.049261084,0.004926108,0.004926108,0,0,0.108374384
248,0,0.033783784,0.030405405,0.013513514,0.177364865,0.150337838,0.077702703,0.030405405,0.006756757,0.131756757,0.030405405,0.001689189,0.028716216,0.025337838,0.008445946
249,0,0.036121673,0.095057034,0.074144487,0.077946768,0.095057034,0.053231939,0.036121673,0.051330798,0.051330798,0.108365019,0.041825095,0.036121673,0.032319392,0.013307985
250,1,0.160469667,0.142857143,0.035225049,0.009784736,0.001956947,0.058708415,0.015655577,0.062622309,0.025440313,0.15851272,0.017612524,0,0.1037182,0.02739726
253,0,0,0.5,0.5,0,0,0,0,0,0,0,0,0,0,0
254,1,0.069815195,0.036960986,0.061601643,0.110882957,0.036960986,0.092402464,0.071868583,0.034907598,0.04312115,0.055441478,0.041067762,0.004106776,0.09650924,0.020533881
256,0,0.2,0.6,0,0,0,0,0,0,0,0,0,0,0.2,0
257,0,0.086003373,0.021922428,0.018549747,0.109612142,0.074198988,0.047217538,0.072512648,0.077571669,0.038785835,0.013490725,0.037099494,0.015177066,0.010118044,0.011804384
261,0,0.0625,0.002403846,0.069711538,0.103365385,0.026442308,0.050480769,0.045673077,0.165865385,0.060096154,0.03125,0.002403846,0.014423077,0.033653846,0.002403846
265,1,0.050847458,0.028248588,0.028248588,0.073446328,0.079096045,0.039548023,0.056497175,0.056497175,0.18079096,0.016949153,0.016949153,0.011299435,0.016949153,0
266,1,0.137755102,0.057397959,0.086734694,0.100765306,0.070153061,0.029336735,0.011479592,0.028061224,0.031887755,0.091836735,0.043367347,0.045918367,0.042091837,0.035714286
268,1,0.10915493,0.052816901,0.063380282,0.066901408,0.063380282,0.035211268,0.052816901,0.137323944,0.084507042,0.007042254,0.01056338,0.031690141,0.042253521,0.014084507
269,1,0.27184466,0.042475728,0.083737864,0.050970874,0.020631068,0.016990291,0.07038835,0.014563107,0.03276699,0,0.004854369,0.196601942,0.013349515,0.03276699
272,0,0.152631579,0.136842105,0.015789474,0.015789474,0.073684211,0.078947368,0.121052632,0.005263158,0.042105263,0.026315789,0.084210526,0.052631579,0.015789474,0
275,1,0.064439141,0.009546539,0.100238663,0.076372315,0.035799523,0.069212411,0.042959427,0.038186158,0.07398568,0.188544153,0.014319809,0.028639618,0.052505967,0.00477327
276,1,0.210526316,0.174515235,0.117728532,0.063711911,0.040166205,0.013850416,0.01800554,0.033240997,0.04432133,0.038781163,0.045706371,0.001385042,0.012465374,0.008310249
278,1,0.069582505,0.029821074,0.035785288,0.288270378,0.145129225,0.013916501,0.055666004,0.081510934,0.021868787,0.043737575,0.041749503,0.009940358,0,0.02584493
282,0,0.084990958,0.056057866,0.151898734,0.108499096,0.12477396,0.059674503,0.007233273,0.007233273,0.027124774,0.005424955,0.097649186,0.005424955,0.003616637,0.001808318
283,0,0.026595745,0.076241135,0,0.154255319,0.122340426,0.287234043,0,0,0.056737589,0,0,0.010638298,0.05141844,0
285,0,0.289473684,0.078947368,0.394736842,0.026315789,0,0,0.026315789,0.026315789,0,0.078947368,0,0,0,0.026315789
286,0,0,0.333333333,0,0,0,0,0.333333333,0,0,0,0,0,0,0
287,0,0.047619048,0.085714286,0.092063492,0.038095238,0.012698413,0.041269841,0.171428571,0.161904762,0.012698413,0.034920635,0.053968254,0,0.006349206,0.044444444
288,0,0.054014599,0.113868613,0.21459854,0.010218978,0.016058394,0.255474453,0.087591241,0.005839416,0.008759124,0.017518248,0.024817518,0.013138686,0.058394161,0
289,1,0.160206718,0.11627907,0.188630491,0.080103359,0.047803618,0.060723514,0.020671835,0.060723514,0.043927649,0.003875969,0.052971576,0.029715762,0.015503876,0.007751938
290,0,0.079889807,0.005509642,0.044077135,0.195592287,0.066115702,0.060606061,0.068870523,0.033057851,0.044077135,0.038567493,0.013774105,0.008264463,0.049586777,0.008264463
292,0,0.166666667,0.039215686,0.274509804,0.078431373,0.078431373,0.039215686,0.049019608,0.039215686,0,0,0.019607843,0,0.019607843,0.009803922
296,1,0.188034188,0.008547009,0.034188034,0.173789174,0.15954416,0.022792023,0.054131054,0.025641026,0.034188034,0.031339031,0.042735043,0.008547009,0.022792023,0.005698006
298,0,0.071278826,0.092243187,0.096436059,0.119496855,0.07966457,0.07966457,0.025157233,0.054507338,0.05870021,0.008385744,0.031446541,0.035639413,0.029350105,0.01048218
300,1,0,0.058333333,0.183333333,0.041666667,0,0.016666667,0.033333333,0.016666667,0.225,0.008333333,0,0.2,0,0
304,1,0.34591195,0.012578616,0.012578616,0.100628931,0,0.025157233,0.037735849,0.025157233,0.006289308,0,0,0,0.031446541,0.006289308
307,0,0.073800738,0.140221402,0,0.014760148,0.011070111,0.033210332,0.018450185,0,0.217712177,0,0.036900369,0.088560886,0.092250923,0.014760148
308,1,0.318181818,0.212121212,0.053030303,0.015151515,0.007575758,0.106060606,0.053030303,0,0.015151515,0,0.022727273,0.037878788,0.022727273,0.015151515
309,0,0.101398601,0.048951049,0.300699301,0.045454545,0.003496503,0.034965035,0.034965035,0.097902098,0.031468531,0,0.038461538,0,0.01048951,0
311,0,1,0,0,0,0,0,0,0,0,0,0,0,0,0
312,0,0.161987041,0.010799136,0.028077754,0.155507559,0.13174946,0.140388769,0.138228942,0.049676026,0.088552916,0.010799136,0.006479482,0.006479482,0.004319654,0
313,0,0.225,0.475,0.1375,0,0,0,0.01875,0,0,0,0.03125,0,0,0.05
315,1,0.139959432,0.107505071,0.073022312,0.022312373,0.028397566,0.079107505,0.038539554,0.099391481,0.101419878,0.028397566,0.012170385,0.022312373,0.024340771,0.010141988
316,0,0.253759398,0.193609023,0.351503759,0,0,0.04887218,0.003759398,0.009398496,0,0.001879699,0.003759398,0.001879699,0.009398496,0.045112782
317,0,0.128133705,0.275766017,0.17270195,0.011142061,0.005571031,0.025069638,0.038997214,0.008356546,0.04178273,0.011142061,0.038997214,0.066852368,0.036211699,0.005571031
321,0,0.100719424,0,0.007194245,0.079136691,0.129496403,0.09352518,0.09352518,0.021582734,0.079136691,0.028776978,0.007194245,0,0.021582734,0.057553957
323,1,0.222707424,0.06768559,0.080786026,0.028384279,0.063318777,0.058951965,0.048034934,0.013100437,0.021834061,0.004366812,0.037117904,0.021834061,0.019650655,0.006550218
327,1,0.130681818,0.034090909,0.073863636,0.153409091,0.011363636,0.039772727,0.005681818,0.005681818,0.073863636,0.005681818,0.005681818,0,0.102272727,0.005681818
328,1,0.378190255,0.526682135,0.018561485,0,0,0,0.03712297,0.009280742,0,0,0,0.004640371,0,0
330,0,0.052287582,0.006535948,0.013071895,0.104575163,0.091503268,0.039215686,0.071895425,0.019607843,0.098039216,0.117647059,0.019607843,0.019607843,0.045751634,0.006535948
331,0,0.25,0.125,0.041666667,0.041666667,0,0,0.166666667,0,0.041666667,0,0,0.083333333,0,0
332,0,0.085603113,0,0.062256809,0.163424125,0.105058366,0.070038911,0.089494163,0.042801556,0.116731518,0.007782101,0.015564202,0,0.003891051,0.007782101
333,0,0,1,0,0,0,0,0,0,0,0,0,0,0,0
334,0,0.044897959,0.057142857,0.020408163,0.081632653,0.191836735,0.085714286,0.004081633,0.036734694,0.069387755,0.032653061,0.040816327,0.07755102,0.040816327,0
335,1,0.111538462,0.003846154,0.088461538,0.065384615,0.080769231,0.053846154,0.026923077,0.076923077,0.053846154,0.003846154,0.011538462,0.123076923,0.096153846,0
336,0,0.198807157,0.302186879,0.153081511,0.007952286,0,0.067594433,0.053677932,0.02584493,0.017892644,0.003976143,0,0.017892644,0.027833002,0.053677932
337,0,0.416129032,0.029032258,0.087096774,0.041935484,0.096774194,0.019354839,0,0,0.041935484,0,0.032258065,0.051612903,0.016129032,0.003225806
338,0,0,0,0,0,0,0.2,0,0.2,0,0,0,0.2,0,0
339,1,0.026217228,0.071161049,0.029962547,0.086142322,0.04494382,0.059925094,0.029962547,0.074906367,0.08988764,0.104868914,0.056179775,0.003745318,0.071161049,0.007490637
342,0,0.169491525,0,0.203389831,0.254237288,0,0,0.016949153,0,0,0,0.305084746,0,0,0
343,1,0.198664441,0.100166945,0.459098497,0.015025042,0.028380634,0.031719533,0.011686144,0.008347245,0,0.008347245,0.001669449,0,0.086811352,0.006677796
348,1,0.1875,0.1875,0,0.0625,0.0625,0,0,0,0.0625,0,0,0.125,0,0.125
350,0,0.109375,0.0234375,0.06640625,0.07421875,0.0390625,0.01171875,0.01171875,0.00390625,0.03125,0.00390625,0.0390625,0.18359375,0.03515625,0.0234375
353,0,0.136363636,0.318181818,0.5,0,0,0,0,0,0,0,0,0,0,0.045454545
354,0,0.087939698,0.057788945,0.193467337,0.120603015,0.050251256,0.010050251,0.067839196,0.075376884,0.050251256,0.010050251,0.012562814,0.002512563,0.06281407,0.042713568
355,0,0.25,0.75,0,0,0,0,0,0,0,0,0,0,0,0
356,1,0.135135135,0.27027027,0.324324324,0,0.027027027,0,0.027027027,0,0.027027027,0,0.027027027,0,0,0.054054054
357,1,0.288702929,0.071129707,0.058577406,0.108786611,0.020920502,0.029288703,0.020920502,0.066945607,0.0041841,0.058577406,0.058577406,0.0041841,0.0041841,0.008368201
358,0,0.211340206,0.108247423,0.365979381,0,0.015463918,0.020618557,0.015463918,0,0.005154639,0.020618557,0,0.005154639,0,0.118556701
360,1,0.006060606,0.006060606,0.036363636,0.248484848,0.218181818,0.008080808,0.008080808,0.044444444,0.070707071,0,0.056565657,0.016161616,0.006060606,0.022222222
361,1,0.04375,0.027083333,0.035416667,0.245833333,0.0875,0.05,0.01875,0.029166667,0.039583333,0.085416667,0.022916667,0.041666667,0.04375,0.008333333
362,1,0.084795322,0.087719298,0.160818713,0.087719298,0.081871345,0.061403509,0.023391813,0.052631579,0.035087719,0.026315789,0.038011696,0,0.011695906,0.038011696
364,1,0.217391304,0.032608696,0.048913043,0.048913043,0.043478261,0.076086957,0.059782609,0.02173913,0.027173913,0.054347826,0.048913043,0.010869565,0.097826087,0.005434783
365,0,1,0,0,0,0,0,0,0,0,0,0,0,0,0
370,0,0.125,0.125,0.125,0,0,0.375,0.125,0,0,0,0,0,0.125,0
373,0,0.048346056,0.010178117,0.022900763,0.216284987,0.129770992,0.012722646,0.010178117,0.071246819,0.030534351,0.109414758,0.03562341,0.002544529,0.03562341,0
375,1,0.117241379,0.096551724,0,0,0,0,0,0,0.006896552,0,0,0.44137931,0,0.013793103
376,0,0.28957529,0.247104247,0.003861004,0,0,0.05019305,0.015444015,0.034749035,0.023166023,0.061776062,0,0.084942085,0.034749035,0.023166023
377,1,0.420765027,0.016393443,0.155737705,0.00273224,0,0.073770492,0.00273224,0.016393443,0.106557377,0,0.016393443,0,0.06557377,0
378,1,0.07486631,0.417112299,0.048128342,0,0,0.112299465,0,0.016042781,0.032085561,0,0.005347594,0.14973262,0,0.016042781
379,0,0.382352941,0.137254902,0,0.009803922,0,0.029411765,0.009803922,0,0,0.009803922,0,0.333333333,0,0
380,0,0.006711409,0.194630872,0,0.137583893,0.224832215,0.013422819,0.006711409,0.10738255,0.010067114,0.030201342,0.010067114,0.104026846,0.010067114,0.030201342
381,0,0.170124481,0.070539419,0.273858921,0.01659751,0.066390041,0.095435685,0.012448133,0.008298755,0.099585062,0.024896266,0.004149378,0.037344398,0.037344398,0.004149378
382,0,0.210526316,0.131578947,0.578947368,0,0,0,0,0,0,0,0,0,0,0
384,0,0.113636364,0.022727273,0.012987013,0.074675325,0.152597403,0.074675325,0.022727273,0.061688312,0.064935065,0.038961039,0.00974026,0.055194805,0.00974026,0.042207792
387,0,0.101265823,0.063291139,0,0.101265823,0,0.012658228,0.101265823,0.050632911,0.202531646,0,0.025316456,0.012658228,0.012658228,0
388,0,0.10915493,0.014084507,0.035211268,0.14084507,0.077464789,0.017605634,0.088028169,0.035211268,0.042253521,0.052816901,0.045774648,0.021126761,0.038732394,0.024647887
392,1,0.102189781,0.04379562,0.094890511,0.102189781,0.087591241,0.065693431,0.072992701,0.065693431,0.058394161,0.02919708,0.03649635,0.00729927,0.02919708,0.01459854
393,0,0.076923077,0.153846154,0.692307692,0,0,0,0,0,0,0,0,0,0,0.076923077
396,0,0.146428571,0.242857143,0.075,0.021428571,0.003571429,0.157142857,0.035714286,0.035714286,0,0.05,0.017857143,0.007142857,0.028571429,0.021428571
397,0,0.003496503,0.986013986,0,0,0,0,0,0,0,0.006993007,0.003496503,0,0,0
398,0,0,1,0,0,0,0,0,0,0,0,0,0,0,0
399,0,0,0,0,0,0,0,0,0,0,0,0,0,0,0
400,0,0.477272727,0.409090909,0.022727273,0,0,0.022727273,0,0,0,0,0,0,0,0
401,0,0.227817746,0.047961631,0.047961631,0.059952038,0.016786571,0.045563549,0.059952038,0.057553957,0.035971223,0.007194245,0.033573141,0.117505995,0.023980815,0.016786571
404,1,0.109311741,0.170040486,0.115384615,0.002024291,0.002024291,0.012145749,0.024291498,0.214574899,0.006072874,0.01417004,0.01417004,0.006072874,0.002024291,0.214574899
409,0,0.122093023,0.029069767,0.093023256,0.098837209,0.055232558,0.023255814,0.020348837,0.069767442,0.043604651,0.055232558,0.01744186,0.011627907,0.043604651,0.029069767
410,1,0.061728395,0.021604938,0.055555556,0.058641975,0.111111111,0.043209877,0.12654321,0.114197531,0.067901235,0.040123457,0.040123457,0.018518519,0.030864198,0.00308642
412,0,0.05625,0.0125,0.03125,0.19375,0.10625,0.04375,0.01875,0.125,0.1125,0,0.0625,0,0.06875,0.00625
413,0,0.150470219,0.073667712,0.070532915,0.026645768,0.029780564,0.040752351,0.105015674,0.036050157,0.029780564,0.047021944,0.070532915,0.040752351,0.020376176,0.048589342
420,0,0.02919708,0.04379562,0.145985401,0.116788321,0.102189781,0.131386861,0.080291971,0.00729927,0.04379562,0,0.01459854,0.02189781,0.00729927,0
421,0,0,0.5,0.5,0,0,0,0,0,0,0,0,0,0,0
425,0,0.2,0.8,0,0,0,0,0,0,0,0,0,0,0,0
427,0,0.12406015,0.063909774,0.011278195,0.063909774,0.018796992,0.097744361,0.015037594,0.026315789,0.041353383,0.146616541,0.022556391,0.026315789,0.07518797,0.011278195
428,1,0.098039216,0.044817927,0.31092437,0,0,0.022408964,0,0.00280112,0.00280112,0,0.00280112,0.296918768,0,0.016806723
429,1,0.333333333,0,0.111111111,0,0,0,0,0,0.111111111,0,0,0,0,0
431,1,0.07183908,0.066091954,0.120689655,0.011494253,0.011494253,0.005747126,0.025862069,0.00862069,0.002873563,0.022988506,0.112068966,0,0.002873563,0.005747126
434,0,0.189944134,0.525139665,0.117318436,0,0.005586592,0.022346369,0.005586592,0.011173184,0,0.005586592,0.011173184,0.033519553,0,0
436,1,0.053571429,0.080357143,0.008928571,0.0625,0.053571429,0.026785714,0.026785714,0.196428571,0.0625,0,0.026785714,0.044642857,0.008928571,0.116071429
438,0,0.5,0.128676471,0.106617647,0,0,0.036764706,0.018382353,0.003676471,0,0.018382353,0.014705882,0.014705882,0.022058824,0.018382353
439,0,0.096774194,0.04516129,0.051612903,0.006451613,0.109677419,0.064516129,0.109677419,0.070967742,0.051612903,0.038709677,0.019354839,0.012903226,0.058064516,0.006451613
441,0,0,1,0,0,0,0,0,0,0,0,0,0,0,0
442,0,0.289256198,0,0.074380165,0.074380165,0.008264463,0.041322314,0,0,0.041322314,0.247933884,0.008264463,0,0.074380165,0
447,0,0.237704918,0.12295082,0.032786885,0.131147541,0.155737705,0.008196721,0,0.147540984,0.049180328,0,0,0,0.016393443,0
448,1,0.082524272,0.111650485,0.145631068,0.029126214,0.072815534,0.048543689,0.024271845,0.029126214,0.04368932,0.029126214,0.101941748,0.033980583,0.038834951,0.009708738
450,1,0.12565445,0.12565445,0.120418848,0.057591623,0.005235602,0.041884817,0.104712042,0.068062827,0.005235602,0.02617801,0.036649215,0.041884817,0.036649215,0
452,0,0.074626866,0,0.037313433,0.23880597,0.052238806,0.02238806,0.014925373,0.02238806,0.089552239,0.097014925,0.029850746,0.02238806,0.029850746,0.007462687
453,0,0.102040816,0.065306122,0.155102041,0.146938776,0.151020408,0.048979592,0,0.024489796,0.081632653,0,0.004081633,0.004081633,0.024489796,0.028571429
454,1,0.193832599,0.050660793,0.035242291,0.004405286,0.011013216,0.068281938,0.011013216,0.125550661,0.127753304,0.002202643,0.015418502,0.052863436,0.066079295,0.077092511
455,0,0.064257028,0.020080321,0.088353414,0.020080321,0.052208835,0.048192771,0,0.020080321,0.032128514,0.008032129,0.032128514,0.18875502,0.024096386,0.004016064
456,0,0.108196721,0.045901639,0.127868852,0.114754098,0.085245902,0.039344262,0.003278689,0.029508197,0.075409836,0.029508197,0.032786885,0.019672131,0.045901639,0.006557377
458,0,0.214285714,0,0.214285714,0.035714286,0,0.142857143,0,0.107142857,0.071428571,0,0,0,0.035714286,0
459,0,0.119047619,0.047619048,0.111111111,0.007936508,0,0.047619048,0,0.007936508,0,0,0,0.047619048,0,0
462,1,0.220512821,0.01025641,0.025641026,0.015384615,0.020512821,0.153846154,0.020512821,0.020512821,0.030769231,0.148717949,0.030769231,0.051282051,0.046153846,0.01025641
464,0,0.392156863,0.019607843,0.019607843,0,0,0,0,0.058823529,0,0.117647059,0.058823529,0,0,0.039215686
465,0,0,1,0,0,0,0,0,0,0,0,0,0,0,0
466,0,0.13003096,0.052631579,0.021671827,0.061919505,0.151702786,0.024767802,0.058823529,0.089783282,0.083591331,0.040247678,0.055727554,0,0.024767802,0.012383901
467,1,0.22972973,0.033783784,0.101351351,0.175675676,0.054054054,0.087837838,0.047297297,0.033783784,0.013513514,0.054054054,0.006756757,0.040540541,0,0.006756757
470,0,0.102040816,0.020408163,0.035714286,0.071428571,0.056122449,0.102040816,0.040816327,0.035714286,0.12244898,0.010204082,0.020408163,0.030612245,0.040816327,0.005102041
472,0,0.024691358,0.358024691,0.271604938,0,0,0,0.00617284,0.203703704,0,0,0.012345679,0.086419753,0,0
473,1,0.251012146,0.206477733,0.218623482,0.012145749,0.024291498,0.012145749,0.004048583,0.024291498,0.016194332,0.024291498,0.028340081,0.012145749,0.016194332,0.028340081
475,0,0,0.5,0,0,0,0,0,0,0,0,0,0,0,0
477,1,0.188741722,0.049668874,0.135761589,0,0.039735099,0.016556291,0.086092715,0.066225166,0.033112583,0.152317881,0.016556291,0,0.009933775,0.046357616
478,0,0.046052632,0.019736842,0.092105263,0.171052632,0.006578947,0.039473684,0,0.046052632,0.059210526,0.052631579,0.032894737,0,0.059210526,0.046052632
479,0,0.274691358,0.185185185,0.046296296,0.015432099,0.058641975,0.061728395,0.018518519,0.160493827,0.009259259,0.009259259,0.015432099,0.058641975,0.018518519,0.00617284
480,1,0.157303371,0.179775281,0.059925094,0.003745318,0,0.007490637,0.018726592,0.026217228,0,0,0.003745318,0.003745318,0.003745318,0
481,0,0,0,0,0,0,0,0,0,0,0,0,1,0,0
483,0,0,0.230769231,0,0,0,0,0,0,0,0,0,0,0,0
485,0,0,0.666666667,0,0,0,0,0,0,0,0,0,0,0,0
487,0,0,0,1,0,0,0,0,0,0,0,0,0,0,0
489,0,0.25,0.375,0,0,0,0,0,0,0,0,0,0,0,0
491,0,0,0,0,0,0,0,0,0,0,0,0,0,0,0.666666667
494,1,0.247211896,0.124535316,0.1133829,0.044609665,0.022304833,0.053903346,0.029739777,0.087360595,0.027881041,0.033457249,0.037174721,0,0.026022305,0.016728625
495,0,1,0,0,0,0,0,0,0,0,0,0,0,0,0
497,0,0.073170732,0.073170732,0.097560976,0.12195122,0.024390244,0.024390244,0,0.048780488,0.048780488,0,0,0,0,0
499,0,0.071186441,0.589830508,0.091525424,0.003389831,0,0.013559322,0.081355932,0.061016949,0,0.037288136,0,0,0.016949153,0.016949153
500,0,0.147928994,0.183431953,0.047337278,0.01183432,0.017751479,0.071005917,0.023668639,0.00591716,0.01183432,0,0,0.337278107,0,0.029585799
501,1,0.095628415,0.346994536,0.081967213,0,0.013661202,0.008196721,0.079234973,0.030054645,0.00273224,0.016393443,0.005464481,0.095628415,0.00273224,0.032786885
504,0,0,0.333333333,0,0,0,0,0,0,0,0,0,0,0,0
505,0,0.349282297,0.076555024,0.038277512,0.114832536,0.023923445,0.062200957,0,0.004784689,0.071770335,0.004784689,0.014354067,0.038277512,0.004784689,0.004784689
506,0,0.095652174,0.052173913,0.060869565,0.243478261,0.086956522,0.026086957,0.069565217,0.034782609,0.034782609,0.008695652,0.052173913,0,0.034782609,0.026086957
507,0,0,0.285714286,0.012987013,0.142857143,0.038961039,0.051948052,0,0.116883117,0,0.077922078,0.025974026,0,0.038961039,0.038961039
508,0,0.05,0.3,0.05,0.1,0.1,0.05,0.05,0,0,0,0,0,0,0.05
510,1,0.3375,0.0875,0.1125,0,0,0.0125,0,0.0375,0.0625,0,0,0,0.15,0.025
515,0,0.256038647,0.328502415,0.043478261,0,0,0.038647343,0.053140097,0.028985507,0,0,0,0.004830918,0,0.1352657
516,1,0.226950355,0.04964539,0.021276596,0.113475177,0,0.014184397,0.234042553,0.007092199,0.021276596,0.085106383,0.063829787,0.014184397,0,0
517,0,0,0.776536313,0.005586592,0,0,0.027932961,0.005586592,0.117318436,0.005586592,0,0,0.005586592,0,0.039106145
518,1,0.517241379,0.013793103,0.006896552,0,0,0.268965517,0.006896552,0,0,0,0,0.062068966,0.013793103,0
519,1,0.227272727,0.012987013,0.068181818,0.146103896,0.042207792,0.048701299,0.045454545,0.016233766,0.012987013,0.116883117,0.045454545,0,0.035714286,0
521,0,0.166666667,0.138888889,0.090277778,0,0.013888889,0.013888889,0.006944444,0.055555556,0.041666667,0.027777778,0.013888889,0.083333333,0.013888889,0.104166667
523,0,0,0.4,0,0,0,0,0,0,0,0,0.2,0.4,0,0
524,0,0,0.090909091,0.090909091,0,0,0.136363636,0,0,0.090909091,0,0,0,0,0
525,0,0.333333333,0.333333333,0,0,0,0,0.333333333,0,0,0,0,0,0,0
526,0,0.29787234,0.14893617,0.127659574,0.042553191,0.021276596,0,0,0,0,0,0.021276596,0,0.063829787,0.021276596
530,1,0.174528302,0.212264151,0.410377358,0,0,0.009433962,0.023584906,0.009433962,0,0,0.009433962,0,0.018867925,0.004716981
532,0,0.236220472,0.07480315,0.070866142,0.019685039,0.019685039,0.015748031,0.275590551,0.027559055,0.019685039,0.003937008,0.047244094,0.047244094,0.003937008,0.066929134
533,0,0.333333333,0.231884058,0.289855072,0,0,0.086956522,0.014492754,0,0,0,0.043478261,0,0,0
536,0,0.066666667,0.152941176,0.156862745,0.02745098,0,0.070588235,0.023529412,0.105882353,0.015686275,0.011764706,0.007843137,0,0.011764706,0.011764706
541,1,0.404109589,0.102739726,0.136986301,0,0,0,0.136986301,0.02739726,0,0,0.006849315,0.01369863,0.01369863,0.054794521
542,0,0.12173913,0.495652174,0.017391304,0.008695652,0,0,0,0.017391304,0,0.008695652,0.034782609,0,0,0.12173913
545,0,0.066666667,0,0.044444444,0.166666667,0.077777778,0.055555556,0.088888889,0.077777778,0.011111111,0,0.088888889,0.011111111,0.011111111,0.111111111
546,0,0.076388889,0.041666667,0.138888889,0.125,0.076388889,0.083333333,0.020833333,0.013888889,0.006944444,0.027777778,0.090277778,0,0.006944444,0.013888889
547,0,0.066666667,0.474074074,0.185185185,0.007407407,0,0.133333333,0,0.059259259,0,0,0.02962963,0.044444444,0,0
548,1,0.306818182,0.306818182,0.003787879,0.022727273,0.034090909,0.079545455,0.003787879,0.007575758,0.011363636,0.022727273,0,0.045454545,0.034090909,0.026515152
549,0,0.367647059,0.102941176,0.132352941,0,0,0.25,0.014705882,0,0,0,0,0,0,0
551,0,0.028213166,0.028213166,0.090909091,0.037617555,0.153605016,0.034482759,0.040752351,0.078369906,0.109717868,0.068965517,0.034482759,0.021943574,0.081504702,0.006269592
553,0,0.058139535,0.790697674,0,0,0,0.069767442,0.011627907,0.023255814,0.011627907,0,0,0,0,0.011627907
554,0,0.207407407,0.340740741,0,0.007407407,0.118518519,0.02962963,0.059259259,0.044444444,0.051851852,0,0.007407407,0,0.02962963,0
557,0,0.205882353,0.191176471,0.194852941,0.018382353,0.025735294,0.014705882,0.014705882,0.066176471,0.011029412,0.014705882,0.007352941,0.025735294,0.007352941,0.121323529
559,0,0.113636364,0.015151515,0.356060606,0.022727273,0.045454545,0.053030303,0,0.053030303,0.015151515,0.075757576,0.03030303,0,0.098484848,0
561,0,0.033783784,0.15990991,0.015765766,0.101351351,0.022522523,0.083333333,0.040540541,0.042792793,0.024774775,0.238738739,0.018018018,0.004504505,0.038288288,0.047297297
562,0,0.090909091,0.090909091,0.090909091,0,0,0,0,0,0,0,0,0,0.545454545,0.090909091
564,0,0.068181818,0.056818182,0.125,0.079545455,0.079545455,0.056818182,0.022727273,0.056818182,0.136363636,0.011363636,0.034090909,0,0.079545455,0
572,0,0.4,0.2,0.2,0,0,0,0.1,0,0,0,0,0,0,0
574,0,0,0,0,0.083333333,0.583333333,0,0.25,0.083333333,0,0,0,0,0,0
575,0,0.164794007,0.074906367,0.086142322,0.082397004,0.041198502,0.041198502,0.018726592,0.007490637,0,0.003745318,0,0.048689139,0.018726592,0.041198502
576,0,0.315789474,0.052631579,0,0,0,0,0,0,0,0,0,0,0,0
581,1,0.274725275,0.010989011,0.445054945,0.010989011,0.043956044,0.005494505,0.005494505,0.005494505,0,0.005494505,0.065934066,0,0,0.082417582
582,0,0.097560976,0.082926829,0.092682927,0.034146341,0.014634146,0.073170732,0.034146341,0.117073171,0,0.043902439,0.029268293,0,0,0.112195122
583,1,0.183098592,0.028169014,0.0657277,0.004694836,0.004694836,0.009389671,0.117370892,0,0.042253521,0,0.004694836,0.169014085,0.009389671,0.004694836
592,0,0.328888889,0.502222222,0.142222222,0,0,0,0.013333333,0.004444444,0,0,0,0,0,0
594,0,0.075528701,0.057401813,0.018126888,0.051359517,0.087613293,0.063444109,0.03021148,0,0.117824773,0.003021148,0.045317221,0.01510574,0.042296073,0.009063444
596,0,0.056603774,0.075471698,0.132075472,0,0.018867925,0.113207547,0,0.075471698,0.037735849,0,0.018867925,0.301886792,0.018867925,0
601,0,0.174418605,0.23255814,0.058139535,0.081395349,0.023255814,0.011627907,0,0.023255814,0,0.093023256,0.046511628,0.069767442,0,0.046511628
603,0,0.125,0.041666667,0.083333333,0,0,0,0.083333333,0,0,0.125,0.083333333,0,0,0.166666667
605,1,0.010050251,0.020100503,0.130653266,0,0,0,0.698492462,0.095477387,0,0,0,0,0,0.005025126
606,0,0.44,0.12,0,0,0.013333333,0.106666667,0,0.04,0,0,0.013333333,0.146666667,0.013333333,0.013333333
607,0,0.048780488,0.365853659,0.073170732,0.048780488,0.024390244,0.024390244,0,0.048780488,0.024390244,0,0,0.243902439,0.048780488,0.048780488
608,1,0.186440678,0.016949153,0.050847458,0.033898305,0.13559322,0,0.084745763,0,0.016949153,0,0.06779661,0.016949153,0,0
610,1,0.275362319,0.297101449,0,0.007246377,0,0,0.02173913,0.094202899,0.014492754,0.014492754,0,0.014492754,0.02173913,0.079710145
611,0,0.366197183,0.007042254,0,0.007042254,0,0.126760563,0,0,0,0,0,0.401408451,0.007042254,0
618,0,0.104895105,0.174825175,0.020979021,0.013986014,0.097902098,0.006993007,0,0.020979021,0.006993007,0.027972028,0,0.006993007,0.013986014,0.006993007
619,1,0.060606061,0.709090909,0.012121212,0,0,0.018181818,0.012121212,0.03030303,0.018181818,0.006060606,0.006060606,0.060606061,0.006060606,0.018181818
624,0,0.272727273,0.136363636,0.045454545,0,0.090909091,0.045454545,0,0.090909091,0.045454545,0,0.045454545,0,0,0
625,0,0.5,0,0,0,0,0,0,0,0,0,0,0,0,0
626,0,0.268421053,0.073684211,0.005263158,0.010526316,0.015789474,0.042105263,0.005263158,0.036842105,0.015789474,0.263157895,0.015789474,0.031578947,0.131578947,0.015789474
627,0,0.1,0.693333333,0.013333333,0,0,0,0.04,0,0,0,0,0,0.006666667,0.046666667
630,0,0,0.930635838,0.005780347,0,0,0.040462428,0,0,0,0,0,0,0,0
632,0,0.062256809,0.237354086,0.237354086,0.035019455,0,0.023346304,0.035019455,0.027237354,0.038910506,0.015564202,0.035019455,0.003891051,0.027237354,0.027237354
635,0,0.333333333,0.133333333,0.283333333,0.016666667,0,0,0.116666667,0,0,0,0.016666667,0,0,0.016666667
637,0,0.03125,0.0625,0,0.15625,0.15625,0.21875,0,0,0,0.03125,0.03125,0.21875,0.03125,0
638,0,0.847826087,0.043478261,0,0,0.02173913,0,0,0,0,0,0,0.065217391,0,0
640,0,0.272727273,0.090909091,0.054545455,0,0,0.036363636,0.009090909,0.009090909,0,0,0,0,0,0.227272727
642,1,0.206896552,0.025862069,0,0.025862069,0.051724138,0.068965517,0.00862069,0,0.017241379,0.00862069,0.017241379,0.310344828,0.043103448,0
643,1,0.292307692,0.138461538,0.005128205,0.035897436,0.056410256,0.030769231,0.030769231,0.01025641,0.066666667,0,0.030769231,0.020512821,0.01025641,0.097435897
644,1,0.188940092,0.110599078,0.566820276,0,0,0.01843318,0,0,0,0,0.01843318,0.069124424,0,0
647,0,0.12371134,0.164948454,0.030927835,0.030927835,0.06185567,0.072164948,0.030927835,0.030927835,0.092783505,0.010309278,0,0.020618557,0.041237113,0.041237113
648,1,0.326315789,0.021052632,0.063157895,0.115789474,0.073684211,0.073684211,0.031578947,0.031578947,0.042105263,0,0.073684211,0,0.010526316,0
652,0,0.242424242,0.206060606,0.066666667,0.006060606,0,0,0.03030303,0.024242424,0,0,0,0.16969697,0,0.012121212
653,0,0.090909091,0.159090909,0.068181818,0.045454545,0.022727273,0.068181818,0.068181818,0.045454545,0.022727273,0.068181818,0.113636364,0.090909091,0,0
655,0,0.083333333,0.125,0.375,0,0,0.416666667,0,0,0,0,0,0,0,0
656,0,0.2,0,0.096551724,0.227586207,0.213793103,0.013793103,0.048275862,0.179310345,0,0,0.020689655,0,0,0
664,0,0.4,0.133333333,0,0,0,0.066666667,0,0,0,0,0,0,0.066666667,0.066666667
665,0,0.2,0.3,0,0,0,0,0,0,0,0,0,0.2,0,0
666,0,0.086486486,0.07027027,0.016216216,0.048648649,0,0.140540541,0.048648649,0.010810811,0.043243243,0,0.005405405,0.021621622,0.005405405,0.405405405
667,0,0.127572016,0.086419753,0.074074074,0.098765432,0.061728395,0.082304527,0.037037037,0.049382716,0.037037037,0.037037037,0.020576132,0.008230453,0.016460905,0.016460905
668,0,0,0,0,0,0,0,0,0,0,0,0,0,0,0
671,1,0.014084507,0.042253521,0.183098592,0.014084507,0.056338028,0.084507042,0,0.028169014,0.084507042,0,0,0,0,0
675,0,0.48,0.12,0,0,0,0,0.04,0.04,0,0,0,0.28,0,0
676,0,0.25,0,0.6875,0,0,0,0,0,0,0,0,0,0,0
678,0,0,1,0,0,0,0,0,0,0,0,0,0,0,0
679,0,0.01875,0.13125,0.23125,0,0.05,0,0.06875,0.25625,0,0,0.0125,0,0,0
680,1,0.232142857,0.142857143,0.017857143,0,0.017857143,0.071428571,0.053571429,0.071428571,0.017857143,0,0,0.017857143,0.071428571,0
683,0,0.175,0.125,0.0125,0.125,0,0,0.375,0.0125,0.0125,0,0,0,0.025,0.0125
684,0,0.308823529,0,0.485294118,0.014705882,0.014705882,0,0,0,0.014705882,0,0.014705882,0,0,0
693,1,0.3,0.55,0,0,0,0.05,0,0,0,0,0,0,0,0
696,0,0,1,0,0,0,0,0,0,0,0,0,0,0,0
697,0,0,0.5,0,0,0,0.5,0,0,0,0,0,0,0,0
699,0,0.076923077,0.433566434,0.097902098,0.006993007,0.006993007,0.062937063,0.06993007,0.048951049,0,0.020979021,0.055944056,0.020979021,0.006993007,0.076923077
700,0,0,0,0,0.4,0,0,0,0,0.2,0,0,0,0,0
707,1,0.308641975,0.197530864,0.135802469,0,0.012345679,0.037037037,0.037037037,0.024691358,0,0.012345679,0.024691358,0.111111111,0.012345679,0
709,0,0.224637681,0.130434783,0.304347826,0,0,0,0.246376812,0.014492754,0.028985507,0,0.007246377,0,0,0
710,0,0,1,0,0,0,0,0,0,0,0,0,0,0,0
716,0,0.157024793,0.099173554,0.05785124,0,0.008264463,0,0.082644628,0.066115702,0.008264463,0,0.024793388,0.190082645,0.041322314,0.049586777
717,0,0.017857143,0.232142857,0.553571429,0.017857143,0,0.017857143,0.017857143,0,0,0,0,0,0,0
718,1,0.117647059,0.205882353,0,0,0,0.117647059,0.029411765,0.117647059,0,0,0,0.117647059,0,0.058823529
720,1,0.013888889,0.013888889,0.027777778,0,0,0.069444444,0.166666667,0.027777778,0.027777778,0.013888889,0.069444444,0.291666667,0.097222222,0.027777778
723,0,0.043478261,0,0,0,0,0,0,0,0,0,0,0,0,0
725,0,0.185185185,0.648148148,0.009259259,0,0,0,0.009259259,0.046296296,0,0,0,0.009259259,0,0.018518519
726,0,0.245614035,0.035087719,0.052631579,0.087719298,0.043859649,0.052631579,0.00877193,0.070175439,0.052631579,0.043859649,0.026315789,0.01754386,0.026315789,0
730,0,0,0.986394558,0,0,0,0,0.006802721,0,0,0,0,0,0,0
731,0,0.2,0,0,0.1,0,0,0,0.1,0,0,0,0,0.1,0
733,1,0.06779661,0.033898305,0.169491525,0.13559322,0.101694915,0.06779661,0,0.033898305,0.101694915,0.033898305,0,0,0.050847458,0
737,0,0.492957746,0.211267606,0.056338028,0,0,0.014084507,0.014084507,0.014084507,0.042253521,0.042253521,0.014084507,0,0.042253521,0.014084507
738,1,0.14893617,0.021276596,0.372340426,0,0,0.29787234,0.010638298,0.010638298,0,0.021276596,0.010638298,0,0,0
739,0,0.464285714,0.017857143,0.160714286,0.017857143,0.017857143,0.035714286,0.071428571,0.035714286,0.035714286,0,0,0,0,0
740,0,0.266666667,0.08,0.186666667,0,0,0.066666667,0.106666667,0,0,0.013333333,0.04,0.24,0,0
741,0,0.102564103,0,0.102564103,0.102564103,0.141025641,0.012820513,0.025641026,0.051282051,0.08974359,0.012820513,0.012820513,0,0,0
745,0,1,0,0,0,0,0,0,0,0,0,0,0,0,0
746,0,0.552631579,0.131578947,0.078947368,0,0.026315789,0,0,0,0.026315789,0,0.026315789,0.026315789,0,0.052631579
747,1,0.3,0.055555556,0.022222222,0.011111111,0,0.133333333,0.155555556,0.022222222,0,0,0,0.055555556,0.011111111,0.011111111
750,1,0.517241379,0.068965517,0,0,0,0.017241379,0.086206897,0,0.034482759,0,0,0.034482759,0.017241379,0
752,0,0.384615385,0.192307692,0.076923077,0,0,0,0,0.038461538,0.038461538,0,0,0.076923077,0,0.038461538
754,0,0.173913043,0.804347826,0,0,0,0,0,0,0,0,0,0.02173913,0,0
756,0,0.214285714,0.657142857,0,0,0,0,0.014285714,0.014285714,0,0.057142857,0,0,0,0.028571429
763,0,0.245454545,0.172727273,0.190909091,0,0.009090909,0.154545455,0.036363636,0.036363636,0.009090909,0,0.018181818,0.090909091,0.009090909,0.018181818
764,0,0.205128205,0.401709402,0.051282051,0,0,0.042735043,0.05982906,0.042735043,0,0,0.008547009,0.008547009,0.008547009,0.085470085
768,0,0.1,0.7,0,0,0,0,0,0,0,0,0,0.2,0,0
769,0,0.016949153,0.254237288,0.050847458,0,0.076271186,0.127118644,0,0,0,0.042372881,0.228813559,0.008474576,0.042372881,0.016949153
771,0,0.272727273,0,0,0,0,0,0,0,0,0,0,0,0,0
774,0,0.307692308,0,0.192307692,0,0,0.076923077,0.038461538,0.076923077,0,0.038461538,0,0,0,0
775,0,0.034883721,0,0,0,0,0,0,0,0,0,0,0.058139535,0,0
777,0,0.336134454,0.201680672,0.168067227,0,0,0.042016807,0.067226891,0,0,0,0.008403361,0.008403361,0.008403361,0.008403361
779,0,0.16,0,0.066666667,0.066666667,0.066666667,0,0.133333333,0.093333333,0.013333333,0,0.013333333,0.08,0,0
780,0,0.029850746,0.029850746,0.104477612,0.014925373,0.074626866,0.029850746,0,0.014925373,0.194029851,0.014925373,0.029850746,0.014925373,0,0
784,0,0.421487603,0,0,0,0,0,0.041322314,0.024793388,0.008264463,0,0,0,0,0
785,0,0,0.285714286,0,0.285714286,0,0.285714286,0,0,0,0,0,0.142857143,0,0
790,0,0,0.5,0,0,0,0,0,0,0,0.25,0,0,0,0
791,0,0.333333333,0.266666667,0.333333333,0,0,0,0,0,0,0.066666667,0,0,0,0
794,0,0.111111111,0.37037037,0.074074074,0,0,0.037037037,0,0.074074074,0,0,0,0.259259259,0,0
795,0,0.380434783,0.043478261,0.010869565,0.02173913,0.010869565,0.097826087,0.108695652,0.032608696,0.065217391,0.02173913,0,0,0,0
796,0,0,0,0.129032258,0.225806452,0.096774194,0,0,0.032258065,0.064516129,0,0.064516129,0,0.096774194,0.032258065
806,0,0,0.833333333,0,0,0,0,0.166666667,0,0,0,0,0,0,0
807,0,0,0.0625,0.03125,0.125,0.0625,0.125,0.03125,0.03125,0.0625,0.09375,0.03125,0.03125,0.0625,0
817,0,0.25,0.75,0,0,0,0,0,0,0,0,0,0,0,0
821,0,0.545454545,0.272727273,0.045454545,0,0,0,0,0,0,0,0,0,0,0.090909091
823,0,0,0,0,0.285714286,0.142857143,0,0.142857143,0.142857143,0,0,0,0.142857143,0,0
824,0,0.642857143,0,0.071428571,0,0,0,0,0,0,0,0,0,0.071428571,0
826,0,0.125,0.0625,0.125,0.0625,0.0625,0.0625,0.0625,0,0.0625,0.1875,0.0625,0,0,0
829,0,0.015384615,0.523076923,0,0.030769231,0.015384615,0.046153846,0,0.076923077,0.030769231,0,0.015384615,0,0.015384615,0
833,0,0.534883721,0.162790698,0,0,0,0.069767442,0,0,0,0,0,0,0,0.023255814
835,1,0.25,0.363636364,0.196969697,0,0,0.007575758,0.007575758,0,0,0,0.015151515,0,0.007575758,0.045454545
836,0,0.428571429,0.047619048,0.047619048,0,0,0,0.380952381,0.047619048,0,0,0,0,0,0
839,0,0.4,0.1,0.5,0,0,0,0,0,0,0,0,0,0,0
844,0,0,0,1,0,0,0,0,0,0,0,0,0,0,0
847,0,0.048387097,0.338709677,0,0,0,0.016129032,0.032258065,0.370967742,0,0,0,0,0,0.161290323
849,0,0,1,0,0,0,0,0,0,0,0,0,0,0,0
852,0,0,0,0.5,0,0,0,0.5,0,0,0,0,0,0,0
854,0,0.090909091,0.181818182,0.090909091,0.090909091,0.272727273,0.090909091,0,0.090909091,0,0,0,0,0.090909091,0
861,0,0.333333333,0,0.333333333,0,0,0,0,0,0,0,0.333333333,0,0,0
863,0,0.179245283,0.141509434,0.018867925,0.028301887,0.018867925,0.150943396,0.113207547,0.018867925,0,0,0.047169811,0.028301887,0.028301887,0.066037736
866,0,0,0.4,0.4,0,0,0,0.2,0,0,0,0,0,0,0
870,1,0.12244898,0.306122449,0,0.040816327,0.040816327,0.020408163,0,0.040816327,0.040816327,0.12244898,0.06122449,0,0.020408163,0.020408163
871,0,0.111111111,0.333333333,0.333333333,0,0,0,0.111111111,0,0,0,0,0,0,0.111111111
873,0,0,0,0,0,0,0,0,0,0,0,0,1,0,0
874,0,0,1,0,0,0,0,0,0,0,0,0,0,0,0
877,0,0,0,0,0,0,0,0,0,0,0,0,1,0,0
879,0,0.571428571,0.103896104,0.25974026,0,0,0,0,0,0,0,0.012987013,0,0,0.012987013
880,1,0.625,0.0625,0,0,0.0625,0,0.0625,0,0,0,0,0,0,0
882,0,0,0.222222222,0,0,0,0,0.111111111,0,0,0,0.222222222,0.444444444,0,0
887,0,0.025,0.116666667,0.066666667,0.175,0.058333333,0.05,0.116666667,0.05,0.033333333,0.033333333,0.008333333,0,0.008333333,0.008333333
893,0,0.2,0.2,0.4,0,0,0,0,0,0,0,0,0,0,0
902,0,0,0.6,0,0,0,0,0,0.2,0,0,0,0.2,0,0
904,0,0.346153846,0.153846154,0,0,0,0.153846154,0,0,0,0,0,0,0,0
916,0,0,0.125,0.25,0,0,0,0,0,0,0,0.25,0,0,0.125
917,0,0.213114754,0.147540984,0.360655738,0,0,0.06557377,0.049180328,0.016393443,0,0,0.016393443,0,0.049180328,0.032786885
918,0,0.06,0.2,0.04,0.08,0.02,0.08,0.04,0.02,0.08,0,0.1,0,0.02,0.06
920,0,0.342857143,0.228571429,0.171428571,0,0,0.057142857,0,0,0,0,0.057142857,0.142857143,0,0
923,0,0,0,0,0,0,0,0.333333333,0,0,0,0,0,0,0.333333333
924,0,0.333333333,0,0,0,0,0,0,0,0,0,0,0.333333333,0,0
926,0,0.625,0,0,0,0,0,0,0.125,0,0,0.125,0,0,0.125
930,1,0.285714286,0,0,0,0,0,0,0.142857143,0,0,0,0.142857143,0,0.142857143
935,0,0.375,0.125,0,0,0,0,0.25,0,0.125,0,0,0,0,0
937,0,0.25,0,0.333333333,0.083333333,0.083333333,0,0,0,0,0.166666667,0,0,0,0
946,0,0,0,0,0,0,0,0,0,0,0,0,1,0,0
947,0,0,0,0,0,0.375,0.125,0.25,0,0,0,0,0,0,0
950,0,0.142857143,0.476190476,0,0,0,0.142857143,0,0,0.047619048,0,0,0.023809524,0,0
954,0,0.3125,0.3125,0.020833333,0,0,0.166666667,0,0,0,0,0,0,0.020833333,0.020833333
955,0,0.4,0.6,0,0,0,0,0,0,0,0,0,0,0,0
956,0,0.3125,0.625,0,0,0,0,0,0,0,0,0.0625,0,0,0
958,0,0.227272727,0.060606061,0.060606061,0.106060606,0,0.045454545,0.045454545,0,0.090909091,0,0.015151515,0,0,0.045454545
963,0,1,0,0,0,0,0,0,0,0,0,0,0,0,0
965,0,0.235294118,0.176470588,0,0,0,0,0.352941176,0,0,0,0.058823529,0,0,0.058823529
968,0,0.583333333,0,0,0,0,0,0.083333333,0,0,0,0,0.333333333,0,0
970,0,0.041666667,0,0,0.208333333,0,0.125,0,0,0.208333333,0,0,0,0.208333333,0
971,0,0.666666667,0.333333333,0,0,0,0,0,0,0,0,0,0,0,0
975,1,0,0,0,0,0,0,0,0,0.333333333,0,0,0,0,0
979,0,0.47826087,0.52173913,0,0,0,0,0,0,0,0,0,0,0,0
984,1,0,0,0,0,0,0,0,0,0,0,0,0,0,0
990,0,0.272727273,0.090909091,0.272727273,0,0,0,0,0,0,0,0,0.090909091,0,0
991,0,0.111111111,0.222222222,0,0,0,0,0,0,0,0,0,0.444444444,0,0.111111111
994,0,0,0.3125,0,0,0,0,0.0625,0,0,0,0,0.5,0,0
996,0,0.333333333,0,0,0,0,0.666666667,0,0,0,0,0,0,0,0
